<?xml version="1.0" encoding="UTF-8" standalone="yes"?>
  <addon id="plugin.video.OldQueenTv"
       name="OldQueenTv"
       version="0.0.2"
       provider-name="DaQueenQueen Y JaviR">
  <requires>
	  <import addon="script.module.beautifulsoup4" />
    <import addon="script.module.requests" />
    <import addon="plugin.video.youtube"  />
    <import addon="script.module.resolveurl" />
   
  </requires>
  <extension point="xbmc.python.pluginsource"
            library="default.py">
        <provides>video</provides>
  </extension>
  
  <extension point="xbmc.addon.repository" name="Repositorio OldQueenTv">
        <info compressed="false">https://raw.githubusercontent.com/mendelux/repositorio-OldQueenTv/master/_repo/addons.xml</info>
        <checksum>https://raw.githubusercontent.com/mendelux/repositorio-OldQueenTv/master/_repo/addons.xml.md5</checksum>
        <datadir zip="true">https://raw.githubusercontent.com/mendelux/repositorio-OldQueenTv/master</datadir>
    </extension>

  <extension point="xbmc.addon.metadata">
    <summary>DaQueenQueen Y JaviR</summary>
    <description>Todoso los enlaces,canales y demas contenido de el addon es sacado de webs , nosotros no alojamos ningun contenido.</description>
	  <disclaimer>DaQueenQueen Y JaviR</disclaimer>
    <platform>all</platform>
	<assets>
		<icon>icon.jpg</icon>
		<fanart>fanart.jpg</fanart>
	  </assets>
  </extension>
</addon>